assignee,id,phase,task,milestone,start,end,completion,dependencies,hyperlink
,1,Initiation,Requirements gathering,,01/04/2024,03/04/2024,50,,
Dav Bacci,99,Initiation,Requirements gathering,,04/04/2024,05/04/2024,55,,
,2,Initiation,Stakeholder workshop excluding Execs,,05/04/2024,06/04/2024,75,,
,3,Initiation,Story boarding,,05/04/2024,12/04/2024,80,,
,4,Initiation,Initiation complete,True,13/04/2024,13/04/2024,100,,
,5,Design,E2E data solution design,,07/04/2024,08/04/2024,35,,
,6,Design,Wireframes,,12/04/2024,16/04/2024,80,,
,7,Design,Prototyping,,13/04/2024,22/04/2024,40,,
,8,Design,Design complete,True,22/04/2024,22/04/2024,0,,
,9,Implementation,ETL,,09/04/2024,19/04/2024,15,,
,10,Implementation,Data modelling,,15/04/2024,21/04/2024,40,,
,11,Implementation,Measures & KPIs,,15/04/2024,17/04/2024,50,,
,12,Implementation,Dataviz,,20/04/2024,23/04/2024,15,,
,13,Implementation,Performance testing,,23/04/2024,28/04/2024,20,,
,14,Implementation,Implementation complete,True,29/04/2024,29/04/2024,0,,
,15,Deployment,User training,,29/04/2024,04/05/2024,65,,
,16,Deployment,Refresh schedule & alerts,,27/04/2024,28/04/2024,50,,
,17,Deployment,Executive presentation,,28/04/2024,30/04/2024,0,,
,18,Deployment,Deployment complete,True,07/05/2024,07/05/2024,0,,
,19,VD4 900,DEROUET,,04/01/2021,31/05/2021,72,,
,20,VD4 900,DEROUET,,03/01/2022,30/05/2022,47,,
,21,VD4 900,DEROUET,,02/01/2023,29/05/2023,37,,
,22,VD4 900,DEROUET,,01/01/2024,27/05/2024,66,,
,23,VD4 900,DEROUET,,06/01/2025,25/08/2025,9,,
,24,VD4 900,BARETTE,,02/09/2024,25/08/2025,17,,
,25,VD4 900,BARETTE,,05/01/2026,29/06/2026,54,,
,26,VD4 900,BARETTE,,04/01/2027,28/06/2027,78,,
,27,VD4 900,BARETTE,,03/01/2028,26/06/2028,37,,
,28,VD4 900,BARETTE,,01/01/2029,28/05/2029,18,,
,29,VD3 1300,DEROUET,,07/06/2021,27/09/2021,5,,
,30,VD3 1300,DEROUET,,06/06/2022,26/09/2022,91,,
,31,VD3 1300,DEROUET,,05/06/2023,25/09/2023,5,,
,32,VD3 1300,DEROUET,,03/06/2024,30/09/2024,89,,
,33,OREIS_EVE,DEROUET,,04/10/2021,25/10/2021,72,,
,34,OREIS_EVE,DEROUET,,03/10/2022,24/10/2022,53,,
,35,OREIS_EVE,DEROUET,,02/10/2023,23/10/2023,65,,
,36,OREIS_EPE,DEROUET,,01/11/2021,29/11/2021,85,,
,37,OREIS_EPE,DEROUET,,31/10/2022,28/11/2022,15,,
,38,OREIS_EPE,DEROUET,,30/10/2023,27/11/2023,37,,
,39,OREIS_Source Froide,DEROUET,,06/12/2021,27/12/2021,37,,
,40,OREIS_Source Froide,DEROUET,,05/12/2022,26/12/2022,96,,
,41,OREIS_Source Froide,DEROUET,,04/12/2023,25/12/2023,93,,
,42,OREIS_Source Froide,DEROUET,,09/12/2024,30/12/2024,4,,
,43,OREIS_Source Froide,BARETTE,,08/09/2025,08/09/2025,61,,
,44,OREIS_Source Froide,BARETTE,,10/11/2025,10/11/2025,71,,
,45,OREIS_EVE,DEROUET,,07/10/2024,28/10/2024,91,,
,46,OREIS_EVE,BARETTE,,15/12/2025,29/12/2025,84,,
,47,OREIS_EVE,BARETTE,,01/10/2029,22/10/2029,6,,
,48,OREIS_EPE,DEROUET,,04/11/2024,02/12/2024,51,,
,49,OREIS_EPE,BARETTE,,01/09/2025,01/09/2025,4,,
,50,OREIS_EPE,BARETTE,,15/09/2025,03/11/2025,45,,
,51,VD4 1300,BARETTE,,17/11/2025,08/12/2025,14,,
,52,VD4 1300,BARETTE,,06/07/2026,28/12/2026,30,,
,53,VD4 1300,BARETTE,,05/07/2027,27/12/2027,74,,
,54,VD4 1300,BARETTE,,03/07/2028,25/12/2028,78,,
,55,VD4 1300,BARETTE,,04/06/2029,24/09/2029,56,,
,56,OREIS_EPE,BARETTE,,29/10/2029,26/11/2029,78,,
,57,OREIS_Source Froide,BARETTE,,03/12/2029,31/12/2029,57,,
,58,VD4 900,BARETTE,,07/01/2030,03/06/2030,54,,
,59,VD4 1300,BARETTE,,10/06/2030,30/09/2030,32,,
,60,OREIS_EVE,BARETTE,,07/10/2030,28/10/2030,57,,
,61,OREIS_EPE,BARETTE,,04/11/2030,02/12/2030,3,,
,62,OREIS_Source Froide,BARETTE,,09/12/2030,30/12/2030,58,,
,63,VD4 900,GUERET,,02/09/2024,30/12/2024,31,,
,64,OREIS,GUERET,,06/01/2025,30/06/2025,8,,
,65,OREIS_Source Froide,GUERET,,07/07/2025,29/12/2025,26,,
,66,OREIS,GUERET,,05/01/2026,29/06/2026,88,,
,67,OREIS_Source Froide,GUERET,,06/07/2026,28/12/2026,97,,
,68,OREIS,GUERET,,04/01/2027,28/06/2027,42,,
,69,OREIS_Source Froide,GUERET,,05/07/2027,27/12/2027,26,,
,70,OREIS,GUERET,,03/01/2028,26/06/2028,70,,
,71,OREIS_Source Froide,GUERET,,03/07/2028,25/12/2028,48,,
,72,OREIS,GUERET,,01/01/2029,25/06/2029,49,,
,73,OREIS_Source Froide,GUERET,,02/07/2029,31/12/2029,61,,
,74,OREIS,GUERET,,07/01/2030,01/07/2030,29,,
,75,OREIS_Source Froide,GUERET,,08/07/2030,30/12/2030,0,,
,76,A définir,DURANTON,,08/09/2025,24/11/2025,93,,
,77,OREIS_EPE,DURANTON,,01/12/2025,01/12/2025,86,,
,78,OREIS_Source Froide,DURANTON,,08/12/2025,29/12/2025,7,,
,79,PRS,DURANTON,,05/01/2026,30/03/2026,8,,
,80,CCL,DURANTON,,06/04/2026,29/06/2026,28,,
,81,Chimie Enviro,DURANTON,,06/07/2026,28/09/2026,97,,
,82,VDIC,DURANTON,,05/10/2026,28/12/2026,77,,
,83,PRS,DURANTON,,04/01/2027,29/03/2027,40,,
,84,CCL,DURANTON,,05/04/2027,28/06/2027,91,,
,85,Chimie Enviro,DURANTON,,05/07/2027,27/09/2027,85,,
,86,VDIC,DURANTON,,04/10/2027,27/12/2027,98,,
,87,PRS,DURANTON,,03/01/2028,27/03/2028,35,,
,88,CCL,DURANTON,,03/04/2028,26/06/2028,19,,
,89,Chimie Enviro,DURANTON,,03/07/2028,25/09/2028,73,,
,90,VDIC,DURANTON,,02/10/2028,25/12/2028,32,,
,91,PRS,DURANTON,,01/01/2029,26/03/2029,73,,
,92,CCL,DURANTON,,02/04/2029,25/06/2029,76,,
,93,Chimie Enviro,DURANTON,,02/07/2029,24/09/2029,66,,
,94,VDIC,DURANTON,,01/10/2029,31/12/2029,4,,
,95,PRS,DURANTON,,07/01/2030,25/03/2030,68,,
,96,CCL,DURANTON,,01/04/2030,24/06/2030,86,,
,97,Chimie Enviro,DURANTON,,01/07/2030,23/09/2030,35,,
,98,VDIC,DURANTON,,30/09/2030,30/12/2030,26,,
,99,VD4 900,ABDELLAOUI,,07/03/2022,25/04/2022,38,,
,100,VD4 900,ABDELLAOUI,,02/05/2022,29/08/2022,35,,
,101,VD4 900,ABDELLAOUI,,05/09/2022,26/09/2022,24,,
,102,VD4 900,ABDELLAOUI,,03/10/2022,02/01/2023,87,,
,103,VD4 900,ABDELLAOUI,,09/01/2023,24/04/2023,42,,
,104,VD4 900,ABDELLAOUI,,01/05/2023,29/04/2024,94,,
,105,VD4 900,ABDELLAOUI,,06/05/2024,28/10/2024,93,,
,106,VD4 900,ABDELLAOUI,,04/11/2024,25/08/2025,88,,
,107,VD3 1300,AJDNIK,,04/01/2021,26/04/2021,70,,
,108,VD3 1300,AJDNIK,,03/05/2021,26/07/2021,33,,
,109,VD3 1300,AJDNIK,,02/08/2021,25/07/2022,88,,
,110,VD4 900,AJDNIK,,01/08/2022,28/08/2023,42,,
,111,VD4 900,AJDNIK,,04/09/2023,29/04/2024,60,,
,112,VD4 900,AJDNIK,,06/05/2024,28/10/2024,24,,
,113,VD4 900,AJDNIK,,04/11/2024,26/05/2025,0,,
,114,VD4 900,AJDNIK,,02/06/2025,29/09/2025,19,,
,115,VD4 900,AJDNIK,,06/10/2025,28/12/2026,93,,
,116,VD4 900,AJDNIK,,04/01/2027,30/08/2027,36,,
,117,OREIS_EVE,AJDNIK,,06/09/2027,26/06/2028,77,,
,118,VD4 900,ARNAUD,,02/09/2024,05/10/2025,18,,
,119,VD4 900,ARNAUD,,06/10/2025,19/07/2026,77,,
,120,OREIS_Source Froide,GRIFFOUL,,06/10/2025,31/08/2026,1,,
,121,OREIS_Source Froide,ARNAUD,,20/07/2026,01/11/2026,5,,
,122,OREIS_Source Froide,ARNAUD,,02/11/2026,05/09/2027,89,,
,123,OREIS_Source Froide,ARNAUD,,06/09/2027,03/12/2028,40,,
,124,OREIS_EVE,ARNAUD,,04/12/2028,30/09/2029,25,,
,125,OREIS_EVE,ARNAUD,,01/10/2029,04/08/2030,75,,
,126,A définir,ARNAUD,,05/08/2030,01/09/2030,19,,
,127,OREIS_EPE,BEAUFILS,,04/10/2021,26/09/2022,30,,
,128,VD4 900,BEAUFILS,,03/10/2022,28/11/2022,14,,
,129,OREIS_Source Froide,BEAUFILS,,05/12/2022,27/11/2023,35,,
,130,VD4 900,BEAUFILS,,04/12/2023,11/03/2024,95,,
,131,OREIS_Source Froide,BEAUFILS,,18/03/2024,29/04/2024,10,,
,132,OREIS_Source Froide,BEAUFILS,,06/05/2024,23/09/2024,45,,
,133,OREIS_Source Froide,BEAUFILS,,30/09/2024,24/02/2025,30,,
,134,OREIS_EPE,BEAUFILS,,03/03/2025,27/04/2026,33,,
,135,OREIS_Source Froide,BEAUFILS,,04/05/2026,29/03/2027,76,,
,136,OREIS_Source Froide,BEAUFILS,,05/04/2027,28/02/2028,82,,
,137,OREIS_EPE,BEAUFILS,,06/03/2028,25/06/2029,98,,
,138,VD4 900,BESSEGHIER,,04/01/2021,25/10/2021,95,,
,139,VD4 900,BESSEGHIER,,01/11/2021,25/04/2022,2,,
,140,VD4 900,BESSEGHIER,,02/05/2022,22/08/2022,95,,
,141,VD4 900,BESSEGHIER,,29/08/2022,10/10/2022,82,,
,142,VD4 900,BESSEGHIER,,17/10/2022,21/11/2022,56,,
,143,VD4 900,BESSEGHIER,,28/11/2022,29/05/2023,29,,
,144,VD4 900,BESSEGHIER,,05/06/2023,10/07/2023,0,,
,145,VD4 900,BESSEGHIER,,17/07/2023,31/07/2023,79,,
,146,VD4 900,BESSEGHIER,,07/08/2023,08/01/2024,28,,
,147,VD4 900,BESSEGHIER,,15/01/2024,11/03/2024,70,,
,148,VD4 900,BESSEGHIER,,18/03/2024,26/05/2025,5,,
,149,VD4 900,BESSEGHIER,,02/06/2025,01/09/2025,81,,
,150,CCL,BESSEGHIER,,08/09/2025,24/11/2025,71,,
,151,VD4 900,BESSEGHIER,,01/12/2025,30/08/2027,73,,
,152,OREIS_EVE,BOUHAFS,,04/01/2021,26/04/2021,35,,
,153,OREIS_EPE,LHUILLIER,,01/09/2025,25/05/2026,97,,
,154,OREIS_EVE,BOUHAFS,,24/05/2021,25/10/2021,22,,
,155,OREIS_Source Froide,BOUHAFS,,01/11/2021,27/12/2021,52,,
,156,OREIS_Source Froide,BOUHAFS,,03/01/2022,28/02/2022,32,,
,157,OREIS_EVE,BOUHAFS,,07/03/2022,07/03/2022,34,,
,158,OREIS_Source Froide,BOUHAFS,,14/03/2022,14/03/2022,39,,
,159,OREIS_EVE,BOUHAFS,,21/03/2022,21/03/2022,72,,
,160,OREIS_Source Froide,BOUHAFS,,28/03/2022,28/03/2022,47,,
,161,OREIS_EVE,BOUHAFS,,04/04/2022,04/04/2022,44,,
,162,OREIS_Source Froide,BOUHAFS,,11/04/2022,11/04/2022,69,,
,163,OREIS_EVE,BOUHAFS,,18/04/2022,18/04/2022,28,,
,164,OREIS_Source Froide,BOUHAFS,,25/04/2022,25/04/2022,37,,
,165,OREIS_EVE,BOUHAFS,,02/05/2022,02/05/2022,14,,
,166,OREIS_Source Froide,BOUHAFS,,09/05/2022,09/05/2022,65,,
,167,OREIS_EVE,BOUHAFS,,16/05/2022,16/05/2022,61,,
,168,OREIS_Source Froide,BOUHAFS,,23/05/2022,23/05/2022,37,,
,169,OREIS_EVE,BOUHAFS,,30/05/2022,30/05/2022,75,,
,170,OREIS_Source Froide,BOUHAFS,,06/06/2022,29/08/2022,98,,
,171,OREIS_EVE,BOUHAFS,,05/09/2022,24/04/2023,19,,
,172,OREIS_EVE,BOUHAFS,,01/05/2023,17/07/2023,77,,
,173,OREIS_Source Froide,BOUHAFS,,24/07/2023,09/10/2023,9,,
,174,OREIS_EVE,BOUHAFS,,16/10/2023,20/05/2024,19,,
,175,VD4 900,BOUHAFS,,27/05/2024,03/06/2024,30,,
,176,OREIS_Source Froide,BOUHAFS,,10/06/2024,30/09/2024,28,,
,177,VD4 900,BOUHAFS,,07/10/2024,25/08/2025,44,,
,178,VD3 1300,CAILLOUX,,04/01/2021,27/12/2021,27,,
,179,VD3 1300,CAILLOUX,,03/01/2022,25/07/2022,82,,
,180,VD4 900,CAILLOUX,,01/08/2022,25/09/2023,6,,
,181,VD4 900,CAILLOUX,,02/10/2023,27/11/2023,30,,
,182,VD3 1300,CAILLOUX,,04/12/2023,01/01/2024,47,,
,183,VD3 1300,CAILLOUX,,08/01/2024,27/05/2024,15,,
,184,VD3 1300,CAILLOUX,,03/06/2024,22/07/2024,8,,
,185,VD4 900,CAILLOUX,,29/07/2024,05/08/2024,35,,
,186,VD3 1300,CAILLOUX,,12/08/2024,19/08/2024,7,,
,187,VD4 900,CAILLOUX,,26/08/2024,09/09/2024,99,,
,188,VD3 1300,CAILLOUX,,16/09/2024,13/10/2025,38,,
,189,VD4 900,CAILLOUX,,20/10/2025,25/05/2026,99,,
,190,VD4 900,CAILLOUX,,01/06/2026,30/11/2026,62,,
,191,VD4 1300,CAILLOUX,,07/12/2026,28/08/2028,7,,
,192,VD4 900,CARON,,07/10/2024,27/01/2025,42,,
,193,VD4 900,CARON,,03/02/2025,31/03/2025,90,,
,194,VD4 900,CARON,,07/04/2025,25/08/2025,19,,
,195,VD4 900,CARON,,01/09/2025,06/10/2025,15,,
,196,VD4 900,CARON,,13/10/2025,09/02/2026,80,,
,197,VD4 900,CARON,,16/02/2026,27/04/2026,54,,
,198,VD4 900,CARON,,04/05/2026,28/12/2026,9,,
,199,VD4 900,CARON,,04/01/2027,28/06/2027,42,,
,200,VD4 1300,CARON,,05/07/2027,29/11/2027,56,,
,201,VD4 1300,CARON,,06/12/2027,29/05/2028,59,,
,202,VD4 900,CARON,,05/06/2028,24/09/2029,90,,
,203,VD3 1300,CHRAIBI,,04/01/2021,28/02/2022,23,,
,204,VD3 1300,CHRAIBI,,07/03/2022,25/07/2022,66,,
,205,VD4 900,CHRAIBI,,01/08/2022,05/09/2022,52,,
,206,VD4 900,CHRAIBI,,12/09/2022,26/12/2022,79,,
,207,VD4 900,CHRAIBI,,02/01/2023,29/05/2023,67,,
,208,VD3 1300,CHRAIBI,,05/06/2023,10/07/2023,61,,
,209,VD4 900,CHRAIBI,,17/07/2023,31/07/2023,99,,
,210,VD3 1300,CHRAIBI,,07/08/2023,28/08/2023,63,,
,211,VD4 900,CHRAIBI,,04/09/2023,04/09/2023,38,,
,212,VD3 1300,CHRAIBI,,11/09/2023,29/01/2024,98,,
,213,VD4 900,CHRAIBI,,05/02/2024,25/03/2024,58,,
,214,VD3 1300,CHRAIBI,,01/04/2024,29/07/2024,63,,
,215,VD4 900,CHRAIBI,,05/08/2024,09/09/2024,13,,
,216,VD3 1300,CHRAIBI,,16/09/2024,06/10/2025,36,,
,217,VD4 900,CHRAIBI,,13/10/2025,30/11/2026,83,,
,218,VD4 1300,CHRAIBI,,07/12/2026,26/07/2027,27,,
,219,VD4 1300,CHRAIBI,,02/08/2027,28/08/2028,45,,
,220,CSC,CLIQUOTAUX,,04/09/2023,30/10/2023,66,,
,221,VD4 900,CLIQUOTAUX,,06/11/2023,24/06/2024,99,,
,222,CSC,CLIQUOTAUX,,01/07/2024,27/01/2025,21,,
,223,VD4 900,CLIQUOTAUX,,03/02/2025,25/08/2025,96,,
,224,VD4 900,CLIQUOTAUX,,01/09/2025,31/08/2026,83,,
,225,OREIS_GTA,CLIQUOTAUX,,07/09/2026,29/11/2027,88,,
,226,OREIS_GTA,CLIQUOTAUX,,06/12/2027,30/10/2028,28,,
,227,VD3 1300,CLUZAUD,,05/04/2021,30/08/2021,86,,
,228,VD3 1300,CLUZAUD,,06/09/2021,25/07/2022,45,,
,229,VD4 900,CLUZAUD,,01/08/2022,24/04/2023,98,,
,230,VD3 1300,CLUZAUD,,01/05/2023,04/09/2023,34,,
,231,VD4 900,CLUZAUD,,11/09/2023,18/09/2023,25,,
,232,VD3 1300,CLUZAUD,,25/09/2023,17/06/2024,80,,
,233,VD3 1300,CLUZAUD,,24/06/2024,24/03/2025,44,,
,234,VD3 1300,CLUZAUD,,31/03/2025,13/10/2025,29,,
,235,VD4 900,CLUZAUD,,20/10/2025,30/08/2027,18,,
,236,VD4 900,CROUZILLE,,05/07/2021,27/12/2021,84,,
,237,VD4 900,CROUZILLE,,03/01/2022,28/03/2022,49,,
,238,VD4 900,CROUZILLE,,04/04/2022,05/09/2022,24,,
,239,VD4 900,CROUZILLE,,12/09/2022,03/10/2022,16,,
,240,CCL,CROUZILLE,,10/10/2022,31/10/2022,16,,
,241,VD4 900,CROUZILLE,,07/11/2022,28/08/2023,49,,
,242,VD4 900,CROUZILLE,,04/09/2023,18/09/2023,48,,
,243,VD4 900,CROUZILLE,,25/09/2023,26/02/2024,63,,
,244,VD4 900,CROUZILLE,,04/03/2024,27/01/2025,33,,
,245,VD4 900,CROUZILLE,,03/02/2025,31/03/2025,16,,
,246,VD4 900,CROUZILLE,,07/04/2025,25/08/2025,44,,
,247,VD4 900,CROUZILLE,,01/09/2025,29/09/2025,28,,
,248,VD4 900,CROUZILLE,,06/10/2025,02/02/2026,37,,
,249,VD4 900,CROUZILLE,,09/02/2026,25/05/2026,63,,
,250,VD4 900,CROUZILLE,,01/06/2026,28/12/2026,21,,
,251,VD4 900,CROUZILLE,,04/01/2027,30/08/2027,13,,
,252,VD3 1300,DEGLAVE,,04/01/2021,14/02/2022,90,,
,253,OREIS_EPE,DEGLAVE,,21/02/2022,26/09/2022,36,,
,254,VD4 900,DEGLAVE,,03/10/2022,26/12/2022,80,,
,255,OREIS_EPE,DEGLAVE,,02/01/2023,07/08/2023,38,,
,256,OREIS_Source Froide,DEGLAVE,,14/08/2023,30/10/2023,80,,
,257,OREIS_Source Froide,DEGLAVE,,06/11/2023,24/06/2024,75,,
,258,OREIS_EPE,DEGLAVE,,01/07/2024,26/05/2025,51,,
,259,OREIS_EPE,LUTON,,01/09/2025,25/05/2026,3,,
,260,OREIS_Source Froide,DEGLAVE,,06/07/2026,29/03/2027,21,,
,261,OREIS_Source Froide,DEGLAVE,,05/04/2027,30/08/2027,91,,
,262,OREIS_Source Froide,DEGLAVE,,06/09/2027,29/05/2028,31,,
,263,OREIS_EPE,DEGLAVE,,05/06/2028,25/06/2029,91,,
,264,OREIS_EPE,DEGLAVE,,02/07/2029,29/07/2030,44,,
,265,VD3 1300,DENEUVE,,01/03/2021,07/02/2022,12,,
,266,FLA3,DENEUVE,,14/02/2022,08/08/2022,73,,
,267,VD4 900,DENEUVE,,15/08/2022,25/09/2023,38,,
,268,VD3 1300,DENEUVE,,02/10/2023,08/01/2024,96,,
,269,VD3 1300,DENEUVE,,15/01/2024,25/03/2024,67,,
,270,VD3 1300,DENEUVE,,01/04/2024,27/01/2025,0,,
,271,VD3 1300,DENEUVE,,03/02/2025,24/02/2025,40,,
,272,VD3 1300,DENEUVE,,03/03/2025,28/07/2025,23,,
,273,VD3 1300,DE SAINT-NICOLAS,,07/10/2024,31/03/2025,42,,
,274,VD3 1300,DE SAINT-NICOLAS,,07/04/2025,29/09/2025,53,,
,275,VD4 900,DE SAINT-NICOLAS,,06/10/2025,27/04/2026,48,,
,276,VD4 900,DE SAINT-NICOLAS,,04/05/2026,28/12/2026,22,,
,277,VD4 1300,DE SAINT-NICOLAS,,04/01/2027,29/05/2028,73,,
,278,VD4 1300,DE SAINT-NICOLAS,,05/06/2028,24/09/2029,81,,
,279,VD4 1300,DE SAINT-NICOLAS,,01/10/2029,28/10/2030,7,,
,280,VD3 1300,DICK,,05/07/2021,19/09/2021,70,,
,281,VD3 1300,DICK,,20/09/2021,31/07/2022,37,,
,282,CSC,DICK,,01/08/2022,06/08/2023,63,,
,283,OREIS_Source Froide,DICK,,07/08/2023,03/12/2023,7,,
,284,VD4 900,DICK,,04/12/2023,03/03/2024,41,,
,285,VD3 1300,DICK,,04/03/2024,02/03/2025,84,,
,286,VD4 900,DICK,,03/03/2025,31/08/2025,99,,
,287,VD4 900,DICK,,01/09/2025,27/12/2025,87,,
,288,OREIS_EPE,THYLY,,13/10/2025,13/10/2025,57,,
,289,OREIS_Source Froide,DICK,,05/10/2026,28/03/2027,13,,
,290,OREIS_Source Froide,DICK,,29/03/2027,05/03/2028,14,,
,291,OREIS_Source Froide,DICK,,06/03/2028,01/07/2029,33,,
,292,OREIS_EPE,DICK,,02/07/2029,04/08/2030,7,,
,293,VD4 900,FITRZYK,,04/01/2021,27/12/2021,37,,
,294,VD4 900,FITRZYK,,03/01/2022,28/03/2022,68,,
,295,VD4 900,FITRZYK,,04/04/2022,05/09/2022,79,,
,296,VD4 900,FITRZYK,,12/09/2022,28/08/2023,46,,
,297,VD4 900,FITRZYK,,04/09/2023,18/09/2023,14,,
,298,VD4 900,FITRZYK,,25/09/2023,29/01/2024,18,,
,299,VD4 900,FITRZYK,,05/02/2024,25/03/2024,44,,
,300,VD4 900,FITRZYK,,01/04/2024,30/09/2024,24,,
,301,VD4 900,FITRZYK,,07/10/2024,21/04/2025,45,,
,302,VD3 1300,FITRZYK,,28/04/2025,25/08/2025,38,,
,303,VD3 1300,FRANCOIS,,04/01/2021,28/02/2022,48,,
,304,VD4 900,FRANCOIS,,07/03/2022,29/08/2022,67,,
,305,VD4 900,FRANCOIS,,05/09/2022,25/12/2023,89,,
,306,VD4 900,FRANCOIS,,01/01/2024,25/08/2025,40,,
,307,OREIS_EPE,BOUKEROUIS,,05/01/2026,25/05/2026,34,,
,308,OREIS_EVE,FRANCOIS,,07/09/2026,25/01/2027,57,,
,309,OREIS_EVE,FRANCOIS,,01/02/2027,30/08/2027,94,,
,310,VD4 900,GILLE,,03/01/2022,25/09/2023,49,,
,311,VD4 900,GILLE,,02/10/2023,25/12/2023,77,,
,312,VD3 1300,GILLE,,01/01/2024,10/02/2025,88,,
,313,VD4 900,GILLE,,17/02/2025,25/08/2025,75,,
,314,VD4 900,GILLE,,01/09/2025,28/12/2026,14,,
,315,VD4 1300,GILLE,,04/01/2027,28/08/2028,70,,
,316,VD3 1300,GRIFFOUL,,04/01/2021,28/02/2022,74,,
,317,AIS,GRIFFOUL,,07/03/2022,02/05/2022,94,,
,318,CSC,GRIFFOUL,,09/05/2022,26/12/2022,60,,
,319,OREIS_Source Froide,GRIFFOUL,,02/01/2023,25/12/2023,86,,
,320,OREIS_Source Froide,GRIFFOUL,,01/01/2024,24/06/2024,86,,
,321,OREIS_Source Froide,GRIFFOUL,,01/07/2024,29/07/2024,99,,
,322,OREIS_Source Froide,GRIFFOUL,,05/08/2024,30/12/2024,83,,
,323,VD3 1300,GRIFFOUL,,06/01/2025,29/09/2025,58,,
,324,VD4 900,SARKISSIAN,,04/11/2024,02/02/2025,9,,
,325,OREIS_Source Froide,GRIFFOUL,,07/09/2026,29/03/2027,92,,
,326,VD4 1300,GRIFFOUL,,05/04/2027,25/12/2028,60,,
,327,VD3 1300,KADI,,04/01/2021,28/06/2021,36,,
,328,VD3 1300,KADI,,05/07/2021,27/12/2021,63,,
,329,VD3 1300,KADI,,03/01/2022,27/06/2022,57,,
,330,VD4 900,KADI,,04/07/2022,25/09/2023,14,,
,331,VD4 900,KADI,,02/10/2023,27/11/2023,87,,
,332,VD4 900,KADI,,04/12/2023,26/02/2024,24,,
,333,VD4 900,KADI,,04/03/2024,26/05/2025,30,,
,334,VD4 900,KADI,,02/06/2025,29/09/2025,71,,
,335,VD4 900,KADI,,06/10/2025,28/12/2026,90,,
,336,VD4 900,KADI,,04/01/2027,30/08/2027,39,,
,337,VD4 1300,KADI,,06/09/2027,29/05/2028,99,,
,338,VD4 1300,KADI,,05/06/2028,25/12/2028,57,,
,339,VD3 1300,LAUNAY,,13/12/2021,28/02/2022,27,,
,340,VD4 900,LAUNAY,,07/03/2022,25/07/2022,37,,
,341,CCL,LAUNAY,,01/08/2022,31/10/2022,56,,
,342,VD4 900,LAUNAY,,07/11/2022,26/12/2022,48,,
,343,VD4 900,LAUNAY,,02/01/2023,24/04/2023,49,,
,344,CCL,LAUNAY,,01/05/2023,30/12/2024,58,,
,345,CCL,LAUNAY,,06/01/2025,27/01/2025,55,,
,346,CCL,LAUNAY,,03/02/2025,24/02/2025,84,,
,347,CCL,LAUNAY,,03/03/2025,31/03/2025,64,,
,348,CCL,LAUNAY,,07/04/2025,28/04/2025,66,,
,349,CCL,LAUNAY,,05/05/2025,26/05/2025,7,,
,350,CCL,LAUNAY,,02/06/2025,30/06/2025,18,,
,351,CCL,LAUNAY,,07/07/2025,28/07/2025,85,,
,352,CCL,LAUNAY,,04/08/2025,25/08/2025,60,,
,353,CCL,LAUNAY,,01/09/2025,29/09/2025,100,,
,354,CCL,LAUNAY,,06/10/2025,27/10/2025,67,,
,355,CCL,LAUNAY,,03/11/2025,24/11/2025,23,,
,356,CCL,LAUNAY,,01/12/2025,29/12/2025,46,,
,357,CCL,LAUNAY,,05/01/2026,26/01/2026,15,,
,358,CCL,LAUNAY,,02/02/2026,23/02/2026,79,,
,359,CCL,LAUNAY,,02/03/2026,30/03/2026,82,,
,360,CCL,LAUNAY,,06/04/2026,27/04/2026,50,,
,361,CCL,LAUNAY,,04/05/2026,25/05/2026,15,,
,362,CCL,LAUNAY,,01/06/2026,29/06/2026,52,,
,363,CCL,LAUNAY,,06/07/2026,27/07/2026,37,,
,364,CCL,LAUNAY,,03/08/2026,31/08/2026,53,,
,365,CCL,LAUNAY,,07/09/2026,28/09/2026,1,,
,366,CCL,LAUNAY,,05/10/2026,02/11/2026,80,,
,367,CCL,LAUNAY,,09/11/2026,30/11/2026,80,,
,368,CCL,LAUNAY,,07/12/2026,04/01/2027,28,,
,369,CCL,LAUNAY,,11/01/2027,01/02/2027,18,,
,370,CCL,LAUNAY,,08/02/2027,08/03/2027,22,,
,371,CCL,LAUNAY,,15/03/2027,05/04/2027,80,,
,372,CCL,LAUNAY,,12/04/2027,10/05/2027,7,,
,373,CCL,LAUNAY,,17/05/2027,07/06/2027,76,,
,374,CCL,LAUNAY,,14/06/2027,28/06/2027,18,,
,375,VD3 1300,LARADJI,,04/01/2021,30/08/2021,36,,
,376,VD3 1300,LARADJI,,06/09/2021,27/06/2022,71,,
,377,VD4 900,LARADJI,,04/07/2022,19/06/2023,31,,
,378,VD4 900,LARADJI,,26/06/2023,07/08/2023,15,,
,379,VD3 1300,LARADJI,,14/08/2023,04/09/2023,89,,
,380,VD4 900,LARADJI,,11/09/2023,29/01/2024,34,,
,381,OREIS_EVE,LARADJI,,05/02/2024,04/03/2024,29,,
,382,VD4 900,LARADJI,,11/03/2024,25/03/2024,82,,
,383,VD4 900,LARADJI,,01/04/2024,27/05/2024,88,,
,384,VD4 900,LARADJI,,03/06/2024,30/09/2024,9,,
,385,VD4 900,LARADJI,,07/10/2024,30/12/2024,71,,
,386,VD4 900,LARADJI,,06/01/2025,28/04/2025,12,,
,387,VD3 1300,LARADJI,,05/05/2025,26/05/2025,66,,
,388,VD4 900,LARADJI,,02/06/2025,27/04/2026,4,,
,389,OREIS_Source Froide,DEGLAVE,,02/06/2025,29/06/2026,25,,
,390,OREIS_GTA,MONASSE,,05/10/2026,05/10/2026,18,,
,391,OREIS_Source Froide,DICK,,28/12/2025,04/10/2026,49,,
,392,VD3 1300,LHUILLIER,,04/01/2021,28/02/2022,76,,
,393,OREIS_EPE,LHUILLIER,,07/03/2022,25/04/2022,79,,
,394,CSC,LHUILLIER,,02/05/2022,31/10/2022,38,,
,395,CSC,LHUILLIER,,07/11/2022,02/01/2023,78,,
,396,OREIS_EPE,LHUILLIER,,09/01/2023,24/07/2023,98,,
,397,OREIS_Source Froide,LHUILLIER,,31/07/2023,30/10/2023,91,,
,398,OREIS_EPE,LHUILLIER,,06/11/2023,25/11/2024,14,,
,399,OREIS_EPE,LHUILLIER,,02/12/2024,26/05/2025,89,,
,400,A définir,LHUILLIER,,02/06/2025,25/08/2025,68,,
,401,OREIS_Source Froide,THYLY,,20/10/2025,29/06/2026,17,,
,402,OREIS_EPE,LHUILLIER,,01/06/2026,26/04/2027,51,,
,403,OREIS_Source Froide,LHUILLIER,,03/05/2027,30/08/2027,2,,
,404,OREIS_EVE,LHUILLIER,,06/09/2027,29/05/2028,46,,
,405,OREIS_EVE,LHUILLIER,,05/06/2028,26/03/2029,94,,
,406,A définir,LHUILLIER,,02/04/2029,27/08/2029,5,,
,407,OREIS_EVE,LHUILLIER,,03/09/2029,29/07/2030,19,,
,408,A définir,LHUILLIER,,05/08/2030,26/08/2030,87,,
,409,OREIS_EVE,LHUILLIER,,02/09/2030,30/12/2030,15,,
,410,OREIS_Source Froide,LUTON,,17/07/2023,27/11/2023,24,,
,411,OREIS_EVE,LUTON,,04/12/2023,27/05/2024,8,,
,412,OREIS_EPE,LUTON,,03/06/2024,30/12/2024,83,,
,413,OREIS_EVE,LUTON,,06/01/2025,25/08/2025,88,,
,414,OREIS_Source Froide,YOUSFI,,01/12/2025,25/05/2026,62,,
,415,OREIS_GTA,LUTON,,01/06/2026,28/09/2026,48,,
,416,OREIS_GTA,LUTON,,05/10/2026,27/12/2027,32,,
,417,OREIS_GTA,LUTON,,03/01/2028,27/11/2028,30,,
,418,OREIS_EVE,MONASSE,,04/01/2021,10/05/2021,97,,
,419,OREIS_EVE,BOUHAFS,,03/05/2021,17/05/2021,79,,
,420,OREIS_EVE,MONASSE,,05/07/2021,16/05/2022,87,,
,421,OREIS_EVE,MONASSE,,23/05/2022,24/04/2023,13,,
,422,OREIS_GTA,MONASSE,,01/05/2023,10/07/2023,62,,
,423,OREIS_EPE,MONASSE,,17/07/2023,11/09/2023,6,,
,424,VD4 900,MONASSE,,18/09/2023,30/10/2023,88,,
,425,OREIS_EVE,MONASSE,,06/11/2023,24/06/2024,51,,
,426,OREIS_EVE,MONASSE,,01/07/2024,15/07/2024,42,,
,427,OREIS_EVE,MONASSE,,22/07/2024,13/01/2025,38,,
,428,OREIS_EVE,MONASSE,,17/05/2021,28/06/2021,47,,
,429,OREIS_EVE,MONASSE,,03/03/2025,25/08/2025,4,,
,430,OREIS_EVE,FRANCOIS,,01/09/2025,31/08/2026,31,,
,431,OREIS_GTA,MONASSE,,07/09/2026,28/09/2026,91,,
,432,OREIS_GTA,MONASSE,,05/10/2026,05/10/2026,21,,
,433,OREIS_EVE,MONASSE,,04/05/2026,28/09/2026,25,,
,434,VD3 1300,MOREAU,,04/01/2021,30/08/2021,11,,
,435,VD3 1300,MOREAU,,06/09/2021,25/10/2021,8,,
,436,OREIS_EVE,MOREAU,,01/11/2021,25/04/2022,94,,
,437,VD4 900,MOREAU,,02/05/2022,26/06/2023,50,,
,438,VD4 900,MOREAU,,03/07/2023,31/07/2023,58,,
,439,VD4 900,MOREAU,,07/08/2023,25/12/2023,84,,
,440,VD4 900,MOREAU,,01/01/2024,15/07/2024,51,,
,441,VD3 1300,MOREAU,,22/07/2024,25/08/2025,100,,
,442,VD4 900,MOREAU,,01/09/2025,28/12/2026,33,,
,443,VD4 900,MOREAU,,04/01/2027,31/05/2027,91,,
,444,OREIS_GTA,MOREAU,,07/06/2027,27/12/2027,53,,
,445,OREIS_GTA,MOREAU,,03/01/2028,27/11/2028,100,,
,446,VD4 900,PALABAUD,,04/01/2021,30/08/2021,12,,
,447,VD4 900,PALABAUD,,06/09/2021,30/05/2022,37,,
,448,CSC,PALABAUD,,06/06/2022,28/11/2022,37,,
,449,VD4 900,PALABAUD,,05/12/2022,25/12/2023,19,,
,450,VD4 900,PALABAUD,,01/01/2024,07/07/2025,70,,
,451,VD4 900,PALABAUD,,14/07/2025,08/12/2025,21,,
,452,OREIS_Source Froide,PASSARD,,14/08/2023,03/12/2023,39,,
,453,VD4 900,PASSARD,,04/12/2023,02/06/2024,14,,
,454,OREIS_Source Froide,PASSARD,,03/06/2024,13/10/2024,13,,
,455,OREIS_Source Froide,PASSARD,,14/10/2024,02/02/2025,66,,
,456,VD4 900,PASSARD,,03/02/2025,28/09/2025,35,,
,457,VD4 900,PASSARD,,29/09/2025,02/05/2026,58,,
,458,OREIS_Source Froide,PASSARD,,03/05/2026,04/10/2026,7,,
,459,OREIS_Source Froide,PASSARD,,05/10/2026,02/01/2028,96,,
,460,VD4 900,RENAUD,,04/11/2024,30/06/2025,65,,
,461,VD4 900,RENAUD,,07/07/2025,29/09/2025,0,,
,462,VD4 900,RENAUD,,06/10/2025,30/11/2026,56,,
,463,VD4 900,RENAUD,,07/12/2026,31/05/2027,47,,
,464,OREIS_EVE,RENAUD,,07/06/2027,27/09/2027,10,,
,465,OREIS_EVE,RENAUD,,04/10/2027,29/05/2028,32,,
,466,VD4 900,RENAUD,,05/06/2028,24/09/2029,92,,
,467,VD3 1300,SARKISSIAN,,03/02/2025,31/08/2025,54,,
,468,VD4 900,SARKISSIAN,,01/09/2025,19/10/2025,62,,
,469,OREIS_Source Froide,SARKISSIAN,,20/10/2025,04/10/2026,53,,
,470,OREIS_Source Froide,PASSARD,,03/01/2028,27/08/2028,47,,
,471,OREIS_EPE,SARKISSIAN,,05/10/2026,26/04/2027,80,,
,472,OREIS_Source Froide,SARKISSIAN,,03/05/2027,27/12/2027,61,,
,473,OREIS_Source Froide,SARKISSIAN,,03/01/2028,30/10/2028,25,,
,474,OREIS_Source Froide,SARKISSIAN,,06/11/2028,24/09/2029,10,,
,475,VD4 900,SERRA,,06/01/2025,25/08/2025,29,,
,476,VD4 900,SERRA,,01/09/2025,27/04/2026,82,,
,477,VD4 900,SERRA,,04/05/2026,04/05/2026,17,,
,478,VD4 1300,SERRA,,11/05/2026,30/11/2026,47,,
,479,VD4 1300,SERRA,,07/12/2026,28/06/2027,53,,
,480,VD4 1300,SERRA,,05/07/2027,28/08/2028,11,,
,481,VD4 1300,SERRA,,04/09/2028,29/10/2029,81,,
,482,VD3 1300,TAING,,04/01/2021,30/08/2021,93,,
,483,VD3 1300,TAING,,06/09/2021,25/07/2022,57,,
,484,VD4 900,TAING,,01/08/2022,29/05/2023,95,,
,485,VD3 1300,TAING,,05/06/2023,03/06/2024,46,,
,486,VD3 1300,TAING,,10/06/2024,10/02/2025,19,,
,487,VD4 900,TAING,,17/02/2025,07/04/2025,15,,
,488,VD3 1300,TAING,,14/04/2025,28/04/2025,58,,
,489,VD4 900,TAING,,05/05/2025,26/05/2025,31,,
,490,VD4 900,TAING,,02/06/2025,29/09/2025,97,,
,491,VD4 900,TAING,,06/10/2025,28/12/2026,71,,
,492,VD4 900,TAING,,04/01/2027,28/06/2027,63,,
,493,VD3 1300,THYLY,,04/11/2024,30/12/2024,82,,
,494,VD4 900,THYLY,,06/01/2025,20/01/2025,83,,
,495,VD4 900,THYLY,,03/02/2025,30/06/2025,32,,
,496,VD4 900,THYLY,,07/07/2025,06/10/2025,25,,
,497,OREIS_EVE,MONASSE,,12/10/2026,27/09/2027,56,,
,498,OREIS_EVE,MONASSE,,20/01/2025,24/02/2025,54,,
,499,VD4 900,THYLY,,06/07/2026,30/11/2026,26,,
,500,OREIS_EVE,THYLY,,07/12/2026,30/08/2027,19,,
,501,OREIS_EVE,THYLY,,06/09/2027,27/12/2027,78,,
,502,OREIS_Source Froide,THYLY,,03/01/2028,26/06/2028,53,,
,503,OREIS_EVE,THYLY,,03/07/2028,26/03/2029,19,,
,504,A définir,THYLY,,02/04/2029,27/08/2029,12,,
,505,VD3 1300,YOUSFI,,04/01/2021,14/02/2022,11,,
,506,VD3 1300,YOUSFI,,21/02/2022,27/06/2022,28,,
,507,VD4 900,YOUSFI,,04/07/2022,27/03/2023,65,,
,508,VD4 900,YOUSFI,,03/04/2023,26/02/2024,82,,
,509,VD4 900,YOUSFI,,04/03/2024,30/12/2024,90,,
,510,VD4 900,YOUSFI,,06/01/2025,27/01/2025,20,,
,511,VD4 900,YOUSFI,,03/02/2025,31/03/2025,87,,
,512,VD4 900,YOUSFI,,07/04/2025,24/11/2025,31,,
,513,OREIS_EVE,MONASSE,,01/09/2025,31/08/2026,0,,
,514,OREIS_Source Froide,YOUSFI,,01/06/2026,04/10/2026,82,,
,515,OREIS_Source Froide,YOUSFI,,05/10/2026,29/03/2027,8,,
,516,VD4 900,HAUSSEGUY,,01/09/2025,25/05/2026,32,,
,517,VD4 1300,HAUSSEGUY,,01/06/2026,28/06/2027,34,,
,518,VD4 1300,HAUSSEGUY,,05/07/2027,29/11/2027,5,,
,519,VD4 1300,HAUSSEGUY,,06/12/2027,29/05/2028,29,,
,520,VD4 1300,HAUSSEGUY,,05/06/2028,24/09/2029,69,,
,521,VD4 1300,HAUSSEGUY,,01/10/2029,28/10/2030,70,,
,522,VD4 900,DE FIGUEIRIDO,,01/09/2025,26/10/2026,19,,
,523,VD4 1300,DE FIGUEIRIDO,,02/11/2026,25/10/2027,6,,
,524,VD4 1300,DE FIGUEIRIDO,,01/11/2027,29/05/2028,78,,
,525,VD4 1300,DE FIGUEIRIDO,,05/06/2028,24/09/2029,44,,
,526,VD4 1300,DE FIGUEIRIDO,,01/10/2029,28/10/2030,74,,
,527,VD3 1300,CLOSTRE,,01/09/2025,25/05/2026,92,,
,528,VD4 1300,CLOSTRE,,01/06/2026,28/06/2027,38,,
,529,VD4 1300,CLOSTRE,,05/07/2027,29/11/2027,52,,
,530,VD4 1300,CLOSTRE,,06/12/2027,29/05/2028,2,,
,531,VD4 1300,CLOSTRE,,05/06/2028,24/09/2029,26,,
,532,VD4 1300,CLOSTRE,,01/10/2029,28/10/2030,29,,
,533,VD4 900,Agent à recruter,,01/09/2025,24/11/2025,21,,
,534,VD4 900,FERNANDEZ,,01/12/2025,28/06/2027,50,,
,535,OREIS_Source Froide,Agent à recruter,,05/07/2027,25/10/2027,68,,
,536,OREIS_EVE,Agent à recruter,,01/11/2027,26/06/2028,69,,
,537,VD4 900,Agent à recruter,,03/07/2028,31/12/2029,89,,
,538,VD4 900,Agent à recruter,,07/01/2030,26/08/2030,82,,
,539,VD4 900,VEDEL,,06/10/2025,28/06/2027,17,,
,540,VD4 1300,VEDEL,,05/07/2027,29/11/2027,70,,
,541,VD4 1300,VEDEL,,06/12/2027,28/08/2028,85,,
,542,VD4 1300,VEDEL,,04/09/2028,31/12/2029,7,,
,543,VD4 1300,VEDEL,,07/01/2030,28/10/2030,29,,
,544,VD4 1300,MASCARO,,02/11/2026,07/06/2027,20,,
,545,VD4 1300,Agent à recruter,,14/06/2027,27/12/2027,63,,
,546,VD4 1300,Agent à recruter,,03/01/2028,28/08/2028,58,,
,547,VD4 1300,Agent à recruter,,04/09/2028,31/12/2029,87,,
,548,VD4 1300,Agent à recruter,,07/01/2030,28/10/2030,36,,
,549,A définir,Agent à recruter,,04/11/2030,30/12/2030,11,,
,550,VD4 1300,Agent à recruter,,05/01/2026,31/05/2027,52,,
,551,VD4 1300,Agent à recruter,,07/06/2027,28/08/2028,0,,
,552,VD4 1300,Agent à recruter,,04/09/2028,31/12/2029,40,,
,553,VD4 1300,Agent à recruter,,07/01/2030,28/10/2030,3,,
,554,A définir,Agent à recruter,,04/11/2030,30/12/2030,64,,
,555,VD4 1300,Agent à recruter,,05/01/2026,28/12/2026,98,,
,556,VD4 1300,Agent à recruter,,04/01/2027,27/12/2027,16,,
,557,VD4 1300,Agent à recruter,,03/01/2028,28/05/2029,55,,
,558,VD4 1300,Agent à recruter,,04/06/2029,26/08/2030,20,,
,559,A définir,Agent à recruter,,02/09/2030,30/12/2030,82,,
,560,VD4 1300,Agent à recruter,,04/01/2027,27/12/2027,21,,
,561,VD4 1300,Agent à recruter,,03/01/2028,28/05/2029,40,,
,562,VD4 1300,Agent à recruter,,04/06/2029,26/08/2030,16,,
,563,A définir,Agent à recruter,,02/09/2030,30/12/2030,72,,
,564,OREIS_Source Froide,DUFES,,01/06/2026,04/10/2026,37,,
,565,OREIS_Source Froide,DUFES,,05/10/2026,29/03/2027,69,,
,566,OREIS_GTA,DUFES,,05/04/2027,27/12/2027,32,,
,567,OREIS_GTA,DUFES,,03/01/2028,27/11/2028,58,,
,568,VD4 1300,Agent à recruter,,04/12/2028,27/08/2029,60,,
,569,VD4 1300,Agent à recruter,,03/09/2029,26/08/2030,27,,
,570,A définir,Agent à recruter,,02/09/2030,30/12/2030,42,,
,571,VD4 1300,Agent à recruter,,05/01/2026,28/12/2026,32,,
,572,VD4 1300,Agent à recruter,,04/01/2027,28/02/2028,26,,
,573,VD4 1300,Agent à recruter,,06/03/2028,27/08/2029,82,,
,574,VD4 1300,Agent à recruter,,03/09/2029,26/08/2030,24,,
,575,A définir,Agent à recruter,,02/09/2030,30/12/2030,59,,
,576,VD4 900,BOUKEROUIS,,07/07/2025,29/12/2025,44,,
,577,OREIS_EVE,MONASSE,,12/10/2026,27/09/2027,44,,
,578,VD4 1300,Agent à recruter,,03/01/2028,27/08/2029,45,,
,579,VD4 1300,Agent à recruter,,03/09/2029,26/08/2030,30,,
,580,A définir,Agent à recruter,,02/09/2030,30/12/2030,55,,
,581,VD4 1300,Agent à recruter,,04/09/2028,29/10/2029,34,,
,582,VD4 1300,Agent à recruter,,05/11/2029,26/08/2030,98,,
,583,A définir,Agent à recruter,,02/09/2030,30/12/2030,45,,
,584,VD4 1300,Agent à recruter,,04/09/2028,29/10/2029,49,,
,585,VD4 1300,Agent à recruter,,05/11/2029,28/10/2030,49,,
,586,A définir,Agent à recruter,,04/11/2030,30/12/2030,77,,
,587,VD4 1300,Agent à recruter,,04/09/2028,29/10/2029,24,,
,588,VD4 1300,Agent à recruter,,05/11/2029,28/10/2030,74,,
,589,A définir,Agent à recruter,,04/11/2030,30/12/2030,56,,
,590,VD4 1300,Agent à recruter,,04/09/2028,29/10/2029,89,,
,591,VD4 900,Agent à recruter,,05/11/2029,30/12/2030,97,,
,592,VD4 1300,Agent à recruter,,03/01/2028,28/05/2029,54,,
,593,VD4 1300,Agent à recruter,,04/06/2029,26/08/2030,19,,
,594,A définir,Agent à recruter,,02/09/2030,30/12/2030,70,,
,595,VD4 1300,Agent à recruter,,03/01/2028,29/10/2029,17,,
,596,VD4 900,Agent à recruter,,05/11/2029,30/12/2030,5,,
,597,VD4 900,Agent à recruter,,04/06/2029,26/08/2030,31,,
,598,OREIS_EVE,Agent à recruter,,02/09/2030,30/12/2030,42,,
,599,OREIS_Source Froide,Agent à recruter,,04/09/2028,28/05/2029,87,,
,600,VD4 900,Agent à recruter,,04/06/2029,30/12/2030,93,,
,601,VD4 900,Agent à recruter,,04/06/2029,30/12/2030,13,,
,602,VD4 900,Agent à recruter,,04/06/2029,30/12/2030,33,,
,603,VD4 900,Agent à recruter,,05/07/2027,26/06/2028,49,,
,604,VD4 900,Agent à recruter,,03/07/2028,25/12/2028,99,,
,605,VD4 900,Agent à recruter,,01/01/2029,30/12/2030,21,,
,606,OREIS_Source Froide,Agent à recruter,,03/07/2028,31/12/2029,22,,
,607,OREIS_EPE,Agent à recruter,,07/01/2030,29/07/2030,15,,
,608,A définir,Agent à recruter,,05/08/2030,26/08/2030,35,,
,609,OREIS_EVE,Agent à recruter,,02/09/2030,30/12/2030,53,,
,610,OREIS_EVE,Agent à recruter,,04/09/2028,30/07/2029,49,,
,611,A définir,Agent à recruter,,06/08/2029,27/05/2030,90,,
,612,OREIS_EVE,Agent à recruter,,03/06/2030,30/12/2030,38,,
,613,OREIS_GTA,Agent à recruter,,04/01/2027,27/12/2027,79,,
,614,OREIS_GTA,Agent à recruter,,03/01/2028,25/12/2028,90,,
,615,OREIS_EVE,Agent à recruter,,01/01/2029,24/09/2029,24,,
,616,A définir,Agent à recruter,,01/10/2029,27/05/2030,75,,
,617,OREIS_EVE,Agent à recruter,,03/06/2030,30/12/2030,74,,
,618,VD4 1300,Agent à recruter,,05/06/2028,24/09/2029,48,,
,619,A définir,Agent à recruter,,01/10/2029,30/12/2030,8,,
,620,OREIS_Source Froide,Agent à recruter,,06/11/2028,18/12/2028,50,,
,621,OREIS_Source Froide,Agent à recruter,,25/12/2028,31/12/2029,60,,
,622,A définir,Agent à recruter,,07/01/2030,30/12/2030,90,,
,623,PRS,Agent à recruter,,04/01/2027,25/12/2028,14,,
,624,OREIS_EPE,Agent à recruter,,01/01/2029,25/06/2029,38,,
,625,A définir,Agent à recruter,,02/07/2029,30/12/2030,100,,
,626,CCL,Agent à recruter,,05/01/2026,25/12/2028,92,,
,627,A définir,Agent à recruter,,01/01/2029,30/12/2030,99,,
,628,VDIC,Agent à recruter,,05/01/2026,27/12/2027,13,,
,629,Chimie Enviro,Agent à recruter,,03/01/2028,25/12/2028,91,,
,630,A définir,Agent à recruter,,01/01/2029,30/12/2030,7,,
,631,PRS,Agent à recruter,,05/07/2027,27/12/2027,68,,
,632,VDIC,Agent à recruter,,03/01/2028,25/12/2028,80,,
,633,A définir,Agent à recruter,,01/01/2029,30/12/2030,22,,
,634,CCL,Agent à recruter,,05/07/2027,27/12/2027,29,,
,635,PRS,Agent à recruter,,03/01/2028,25/12/2028,73,,
,636,A définir,Agent à recruter,,01/01/2029,30/12/2030,12,,
,637,CCL,Agent à recruter,,03/01/2028,25/12/2028,51,,
,638,A définir,Agent à recruter,,01/01/2029,30/12/2030,37,,
,639,Chimie Enviro,Agent à recruter,,03/01/2028,25/12/2028,39,,
,640,VD4 900,Agent à recruter,,06/07/2026,27/12/2027,7,,
,641,VDIC,Agent à recruter,,03/01/2028,25/12/2028,74,,
,642,A définir,Agent à recruter,,01/01/2029,30/12/2030,81,,
,643,VD4 900,Agent à recruter,,06/07/2026,27/12/2027,43,,
,644,PRS,Agent à recruter,,03/01/2028,25/12/2028,83,,
,645,A définir,Agent à recruter,,01/01/2029,30/12/2030,67,,
,646,VD4 900,Agent à recruter,,07/09/2026,27/12/2027,29,,
,647,OREIS_Source Froide,Agent à recruter,,03/01/2028,31/07/2028,12,,
,648,OREIS_Source Froide,Agent à recruter,,07/08/2028,30/07/2029,26,,
,649,A définir,Agent à recruter,,06/08/2029,30/12/2030,82,,
,650,VD4 900,Agent à recruter,,07/09/2026,27/12/2027,68,,
,651,OREIS_Source Froide,Agent à recruter,,01/05/2028,07/05/2029,83,,
,652,A définir,Agent à recruter,,14/05/2029,30/12/2030,50,,
,653,PRS,Agent à recruter,,05/01/2026,29/06/2026,63,,
,654,VD4 900,Agent à recruter,,06/07/2026,27/12/2027,74,,
,655,VD4 900,Agent à recruter,,06/07/2026,27/12/2027,29,,
,656,VD4 900,Agent à recruter,,06/07/2026,27/12/2027,5,,
,657,VD4 900,Agent à recruter,,03/01/2028,25/12/2028,26,,
,658,VD4 900,Agent à recruter,,01/01/2029,16/07/2029,62,,
,659,A définir,Agent à recruter,,23/07/2029,30/12/2030,61,,
,660,VD4 900,Agent à recruter,,06/07/2026,27/12/2027,90,,
,661,VD4 900,Agent à recruter,,03/01/2028,25/12/2028,40,,
,662,VD4 900,Agent à recruter,,01/01/2029,16/07/2029,4,,
,663,A définir,Agent à recruter,,23/07/2029,30/12/2030,25,,
,664,VD4 900,Agent à recruter,,06/07/2026,27/09/2027,27,,
,665,VD4 900,Agent à recruter,,04/10/2027,16/07/2029,55,,
,666,A définir,Agent à recruter,,23/07/2029,30/12/2030,31,,
,667,VD4 900,Agent à recruter,,05/07/2027,26/06/2028,15,,
,668,VD4 1300,Agent à recruter,,03/07/2028,29/10/2029,92,,
,669,A définir,Agent à recruter,,05/11/2029,30/12/2030,70,,
,670,VD4 900,Agent à recruter,,05/07/2027,25/12/2028,18,,
,671,A définir,Agent à recruter,,01/01/2029,30/12/2030,83,,
,672,VD4 900,Agent à recruter,,05/07/2027,25/12/2028,87,,
,673,A définir,Agent à recruter,,01/01/2029,30/12/2030,43,,
,674,VD4 900,Agent à recruter,,05/07/2027,25/12/2028,11,,
,675,A définir,Agent à recruter,,01/01/2029,30/12/2030,39,,
,676,OREIS_Source Froide,Agent à recruter,,04/12/2028,30/07/2029,53,,
,677,A définir,Agent à recruter,,07/01/2030,30/12/2030,84,,
,678,A définir,Agent à recruter,,07/01/2030,30/12/2030,60,,
,679,OREIS_EVE,ARDATEM ,,08/02/2021,31/05/2021,5,,
,680,OREIS_EVE,ARDATEM ,,08/02/2021,31/05/2021,29,,
,681,OREIS_EVE,ASSYSTEM ,,17/05/2021,28/06/2021,42,,
,682,OREIS_EVE,ASSYSTEM ,,24/05/2021,28/06/2021,22,,
,683,OREIS_EVE,CERAP ,,24/05/2021,28/06/2021,89,,
,684,OREIS_EVE,ARDATEM ,,23/08/2021,27/09/2021,64,,
,685,OREIS_EVE,ARDATEM ,,23/08/2021,20/09/2021,100,,
,686,OREIS_EVE,CERAP ,,07/06/2021,27/09/2021,7,,
,687,OREIS_EVE,ARDATEM ,,07/06/2021,16/08/2021,70,,
,688,OREIS_Source Froide,ARDATEM ,,11/10/2021,27/12/2021,70,,
,689,OREIS_Source Froide,CERAP ,,11/10/2021,27/12/2021,9,,
,690,OREIS_EVE,ARDATEM ,,27/09/2021,25/07/2022,22,,
,691,OREIS_EVE,ARDATEM ,,26/09/2022,07/11/2022,64,,
,692,OREIS_EVE,CERAP ,,27/09/2021,30/05/2022,64,,
,693,OREIS_EVE,ARDATEM ,,10/01/2022,16/05/2022,36,,
,694,OREIS_EVE,OPTIM ,,03/01/2022,25/04/2022,97,,
,695,OREIS_EVE,OPTIM ,,14/02/2022,25/04/2022,77,,
,696,OREIS_EVE,OPTIM ,,17/01/2022,25/04/2022,91,,
,697,OREIS_EVE,OPTIM ,,06/12/2021,30/05/2022,55,,
,698,OREIS_Source Froide,CERAP ,,13/06/2022,22/08/2022,9,,
,699,OREIS_Source Froide,CERAP ,,13/06/2022,22/08/2022,45,,
,700,OREIS_Source Froide,CERAP ,,13/06/2022,29/08/2022,15,,
,701,OREIS_EPE,ARKADIA ,,28/03/2022,10/10/2022,5,,
,702,OREIS_EPE,ARKADIA ,,04/04/2022,29/08/2022,64,,
,703,OREIS_EPE,ARKADIA ,,11/04/2022,25/07/2022,20,,
,704,OREIS_EPE,ARDATEM ,,23/05/2022,18/07/2022,91,,
,705,OREIS_EPE,SOM ,,14/03/2022,08/08/2022,76,,
,706,OREIS_EVE,ARKADIA ,,22/11/2021,11/07/2022,100,,
,707,OREIS_EVE,ARKADIA ,,25/04/2022,11/07/2022,71,,
,708,OREIS_EVE,CERAP ,,22/11/2021,11/07/2022,59,,
,709,OREIS_EVE,ARDATEM ,,01/08/2022,27/03/2023,52,,
,710,OREIS_EVE,ARDATEM ,,16/01/2023,06/03/2023,24,,
,711,OREIS_EVE,CERAP ,,16/01/2023,06/03/2023,39,,
,712,OREIS_EVE,ARDATEM ,,23/05/2022,24/10/2022,59,,
,713,OREIS_EPE,ARKADIA ,,08/08/2022,18/09/2023,39,,
,714,OREIS_EPE,ARKADIA ,,13/02/2023,10/07/2023,14,,
,715,OREIS_EPE,ARKADIA ,,13/02/2023,26/06/2023,75,,
,716,OREIS_EPE,SOM ,,13/02/2023,10/07/2023,27,,
,717,OREIS_EVE,OPTIM ,,14/11/2022,17/04/2023,52,,
,718,OREIS_EVE,OPTIM ,,30/01/2023,17/04/2023,100,,
,719,OREIS_EVE,OPTIM ,,14/11/2022,17/04/2023,20,,
,720,OREIS_EVE,OPTIM ,,01/08/2022,17/04/2023,70,,
,721,OREIS_Source Froide,CERAP ,,28/08/2023,13/11/2023,81,,
,722,OREIS_Source Froide,ARKADIA ,,28/08/2023,13/11/2023,86,,
,723,OREIS_Source Froide,ARKADIA ,,31/07/2023,04/12/2023,95,,
,724,OREIS_Source Froide,SOM ,,21/08/2023,27/11/2023,20,,
,725,OREIS_Source Froide,SOM ,,21/08/2023,27/11/2023,42,,
,726,OREIS_Source Froide,ARKADIA ,,21/08/2023,30/10/2023,11,,
,727,OREIS_EVE,OPTIM ,,06/11/2023,08/04/2024,34,,
,728,OREIS_EVE,OPTIM ,,01/01/2024,25/03/2024,36,,
,729,OREIS_EVE,OPTIM ,,06/11/2023,04/03/2024,78,,
,730,OREIS_EVE,OPTIM ,,01/05/2023,30/10/2023,74,,
,731,OREIS_Source Froide,ARDATEM ,,19/02/2024,17/06/2024,39,,
,732,OREIS_EVE,ARKADIA ,,15/01/2024,17/06/2024,2,,
,733,OREIS_EVE,ARKADIA ,,15/01/2024,27/05/2024,5,,
,734,OREIS_EVE,ARKADIA ,,15/01/2024,06/05/2024,1,,
,735,OREIS_EVE,ARDATEM ,,22/05/2023,23/10/2023,26,,
,736,OREIS_GTA,ARDATEM ,,02/01/2023,10/06/2024,52,,
,737,OREIS_GTA,ARDATEM ,,06/02/2023,03/07/2023,57,,
,738,OREIS_GTA,ExperConnect ,,06/02/2023,31/07/2023,31,,
,739,OREIS_EVE,ARDATEM ,,19/02/2024,22/04/2024,51,,
,740,OREIS_EVE,NUVIA ,,26/02/2024,08/04/2024,22,,
,741,OREIS_EVE,ARKADIA ,,24/06/2024,30/09/2024,42,,
,742,OREIS_Source Froide,ARDATEM ,,24/06/2024,07/10/2024,85,,
,743,OREIS_Source Froide,ARDATEM ,,13/05/2024,04/11/2024,39,,
,744,OREIS_EPE,ARKADIA ,,10/06/2024,04/11/2024,77,,
,745,OREIS_EPE,ARKADIA ,,01/07/2024,04/11/2024,42,,
,746,OREIS_EPE,ARKADIA ,,01/07/2024,04/11/2024,86,,
,747,OREIS_EPE,ARKADIA ,,01/07/2024,07/10/2024,58,,
,748,OREIS_EPE,ARKADIA ,,05/02/2024,25/11/2024,88,,
,749,OREIS_EPE,OPTIM ,,22/07/2024,11/11/2024,10,,
,750,OREIS_EPE,OPTIM ,,22/07/2024,14/10/2024,14,,
,751,OREIS_EPE,ARKADIA ,,22/07/2024,14/10/2024,84,,
,752,OREIS_EPE,ARKADIA ,,05/08/2024,23/09/2024,41,,
,753,OREIS_EPE,ARKADIA ,,04/09/2023,11/11/2024,10,,
,754,OREIS_EVE,? ,,14/10/2024,28/07/2025,41,,
,755,OREIS_EVE,? ,,07/04/2025,23/06/2025,54,,
,756,OREIS_EVE,? ,,14/10/2024,02/06/2025,54,,
,757,OREIS_EVE,ARKADIA ,,26/08/2024,09/12/2024,53,,
,758,OREIS_EPE,? ,,02/12/2024,05/05/2025,36,,
,759,OREIS_EPE,? ,,27/01/2025,05/05/2025,90,,
,760,OREIS_EPE,? ,,27/01/2025,05/05/2025,71,,
,761,OREIS_EPE,? ,,06/01/2025,05/05/2025,51,,
,762,OREIS_Source Froide,? ,,15/12/2025,13/07/2026,65,,
,763,OREIS_Source Froide,? ,,15/12/2025,13/07/2026,95,,
,764,OREIS_Source Froide,? ,,05/01/2026,26/10/2026,70,,
,765,OREIS_EPE,? ,,04/08/2025,15/06/2026,43,,
,766,OREIS_EPE,? ,,29/12/2025,04/05/2026,62,,
,767,OREIS_EPE,? ,,29/12/2025,04/05/2026,2,,
,768,OREIS_EPE,? ,,18/08/2025,15/06/2026,51,,
,769,OREIS_Source Froide,? ,,25/05/2026,24/08/2026,9,,
,770,OREIS_Source Froide,? ,,25/05/2026,24/08/2026,59,,
,771,OREIS_Source Froide,? ,,25/05/2026,24/08/2026,47,,
,772,OREIS_Source Froide,? ,,02/11/2026,19/04/2027,49,,
,773,OREIS_Source Froide,? ,,02/11/2026,19/04/2027,47,,
,774,OREIS_Source Froide,? ,,02/11/2026,19/04/2027,72,,
,775,OREIS_EVE,? ,,19/10/2026,04/01/2027,25,,
,776,OREIS_EVE,? ,,16/11/2026,04/01/2027,8,,
,777,OREIS_EVE,? ,,19/10/2026,04/01/2027,97,,
,778,OREIS_EPE,? ,,23/11/2026,19/04/2027,5,,
,779,OREIS_EPE,? ,,23/11/2026,19/04/2027,67,,
,780,OREIS_EPE,? ,,18/01/2027,19/04/2027,78,,
,781,OREIS_EPE,? ,,23/11/2026,19/04/2027,36,,
,782,OREIS_Source Froide,? ,,03/05/2027,02/08/2027,1,,
,783,OREIS_Source Froide,? ,,03/05/2027,02/08/2027,18,,
,784,OREIS_Source Froide,? ,,03/05/2027,02/08/2027,8,,
,785,OREIS_EVE,? ,,19/04/2027,05/07/2027,81,,
,786,OREIS_EVE,? ,,17/05/2027,05/07/2027,15,,
,787,OREIS_EVE,? ,,19/04/2027,05/07/2027,54,,
,788,OREIS_Source Froide,? ,,05/07/2027,20/12/2027,60,,
,789,OREIS_Source Froide,? ,,05/07/2027,20/12/2027,2,,
,790,OREIS_Source Froide,? ,,05/07/2027,20/12/2027,67,,
,791,OREIS_EVE,? ,,21/06/2027,06/09/2027,70,,
,792,OREIS_EVE,? ,,19/07/2027,06/09/2027,93,,
,793,OREIS_EVE,? ,,21/06/2027,06/09/2027,66,,
,794,OREIS_GTA,? ,,24/05/2027,25/10/2027,74,,
,795,OREIS_GTA,? ,,26/07/2027,25/10/2027,56,,
,796,OREIS_GTA,? ,,26/07/2027,25/10/2027,89,,
,797,OREIS_GTA,? ,,24/05/2027,25/10/2027,25,,
,798,OREIS_GTA,? ,,10/07/2028,11/12/2028,48,,
,799,OREIS_GTA,? ,,11/09/2028,11/12/2028,18,,
,800,OREIS_GTA,? ,,11/09/2028,11/12/2028,35,,
,801,OREIS_GTA,? ,,10/07/2028,11/12/2028,52,,
,802,OREIS_Source Froide,? ,,21/02/2028,22/05/2028,1,,
,803,OREIS_Source Froide,? ,,21/02/2028,22/05/2028,79,,
,804,OREIS_Source Froide,? ,,21/02/2028,22/05/2028,8,,
,805,OREIS_EVE,? ,,07/02/2028,24/04/2028,92,,
,806,OREIS_EVE,? ,,06/03/2028,24/04/2028,18,,
,807,OREIS_EVE,? ,,07/02/2028,24/04/2028,14,,
,808,OREIS_Source Froide,? ,,08/05/2028,07/08/2028,52,,
,809,OREIS_Source Froide,? ,,08/05/2028,07/08/2028,59,,
,810,OREIS_Source Froide,? ,,08/05/2028,07/08/2028,40,,
,811,OREIS_EVE,? ,,03/04/2028,19/06/2028,18,,
,812,OREIS_EVE,? ,,01/05/2028,19/06/2028,63,,
,813,OREIS_EVE,? ,,03/04/2028,19/06/2028,23,,
,814,OREIS_Source Froide,? ,,05/02/2029,07/05/2029,58,,
,815,OREIS_Source Froide,? ,,05/02/2029,07/05/2029,93,,
,816,OREIS_Source Froide,? ,,05/02/2029,07/05/2029,47,,
,817,OREIS_Source Froide,? ,,11/12/2028,12/03/2029,66,,
,818,OREIS_Source Froide,? ,,11/12/2028,12/03/2029,26,,
,819,OREIS_Source Froide,? ,,11/12/2028,12/03/2029,85,,
,820,OREIS_EVE,? ,,02/04/2029,18/06/2029,99,,
,821,OREIS_EVE,? ,,30/04/2029,18/06/2029,37,,
,822,OREIS_EVE,? ,,02/04/2029,18/06/2029,1,,
,823,OREIS_EPE,? ,,28/08/2028,04/06/2029,59,,
,824,OREIS_EPE,? ,,22/01/2029,04/06/2029,1,,
,825,OREIS_EPE,? ,,22/01/2029,04/06/2029,42,,
,826,OREIS_EPE,? ,,22/01/2029,04/06/2029,26,,
,827,OREIS_EPE,? ,,28/08/2028,04/06/2029,4,,
,828,OREIS_EVE,? ,,01/01/2029,12/03/2029,4,,
,829,OREIS_EVE,? ,,22/01/2029,12/03/2029,49,,
,830,OREIS_EVE,? ,,01/01/2029,12/03/2029,8,,
,831,OREIS_Source Froide,? ,,25/06/2029,10/12/2029,17,,
,832,OREIS_Source Froide,? ,,25/06/2029,10/12/2029,3,,
,833,OREIS_Source Froide,? ,,25/06/2029,10/12/2029,36,,
,834,OREIS_EVE,? ,,11/06/2029,27/08/2029,70,,
,835,OREIS_EVE,? ,,09/07/2029,27/08/2029,82,,
,836,OREIS_EVE,? ,,11/06/2029,27/08/2029,6,,
,837,OREIS_EVE,? ,,16/07/2029,01/10/2029,42,,
,838,OREIS_EVE,? ,,13/08/2029,01/10/2029,100,,
,839,OREIS_EVE,? ,,16/07/2029,01/10/2029,43,,
,840,OREIS_EVE,? ,,31/12/2029,18/03/2030,32,,
,841,OREIS_EVE,? ,,28/01/2030,18/03/2030,61,,
,842,OREIS_EVE,? ,,31/12/2029,18/03/2030,10,,
,843,OREIS_EPE,? ,,10/09/2029,17/06/2030,55,,
,844,OREIS_EPE,? ,,04/02/2030,17/06/2030,59,,
,845,OREIS_EPE,? ,,04/02/2030,17/06/2030,76,,
,846,OREIS_EPE,? ,,04/02/2030,17/06/2030,56,,
,847,OREIS_EPE,? ,,10/09/2029,17/06/2030,7,,
,848,OREIS_EVE,? ,,11/03/2030,27/05/2030,73,,
,849,OREIS_EVE,? ,,08/04/2030,27/05/2030,48,,
,850,OREIS_EVE,? ,,11/03/2030,27/05/2030,68,,
,851,OREIS_Source Froide,? ,,11/03/2030,10/06/2030,44,,
,852,OREIS_Source Froide,? ,,11/03/2030,10/06/2030,46,,
,853,OREIS_Source Froide,? ,,11/03/2030,10/06/2030,1,,
,854,OREIS_EVE,ARNAUD,,02/09/2030,29/12/2030,74,,
